University of Alabama Medical  Center (Montgomery),2055 E. South Boulevard,Montgomery,AL,36116
Maricopa Medical Center,2601 E. Roosevelt,Phoenix,AZ,85008
St Joseph's Hospital and  Medical Center,500 W. Thomas Road,Phoenix,AZ,85013
University of Arizona College  of Medicine at South Campus,2800 East Ajo Way,Tucson,AZ,85713
University of Arizona College  of Medicine-Phoenix,1111 E McDowell Road,Phoenix,AZ,85006
Mayo Clinic College of  Medicine (Arizona),13400 E. Shea Boulevard,Scottsdale,AZ,85259
University of Arkansas  College of Medicine,1125 North College Avenue,Fayetteville,AR,72703
University of Arkansas for  Medical Sciences,4301 W Markham Street,Little Rock,AR,72205
Eisenhower Medical Center,39000 Bob Hope Drive,Rancho Mirage,CA,92270
Kaiser Permanente Southern  California,9961 Sierra Avenue,Fontana,CA,92335
University of California  Riverside School of Medicine,26250 Cactus Avenue,Moreno Valley,CA,92555
Arrowhead Regional Medical  Center,400 North Pepper Avenue,Colton,CA,92324
Cedars-Sinai Medical Center,8700 Beverly Blvd,Los Angeles,CA,90048
White Memorial Medical  Center,1720 Cesar E Chavez Avenue,Los Angeles,CA,90033
Huntington Memorial Hospital,100 California Boulevard,Pasadena,CA,91105
Los Angeles County-Harbor-  UCLA Medical Center,1000 W Carson Street,Torrance,CA,90509
Kaiser Permanente Southern  California (Los Angeles),4950 Sunset Blvd,Los Angeles,CA,90027
Kaiser Permanente Medical  Group (Northern California/Oakland,3600 Broadway,Oakland,CA,94611
Kaiser Permanente Medical  Group (Northern California)/San Francisco,2425 Geary Boulevard,San Francisco,CA,94115
California Pacific Medical  Center,2351 Clay Street,San Francisco,CA,94115
San Joaquin General Hospital,500 W Hospital Road,French Camp,CA,95231
University of California (Davis)  Health System,4150 V Street,Sacramento,CA,95817
University of California (Irvine),101 The City Drive South,Orange,CA,92868
Loma Linda University Health  Education Consortium,11234 Anderson Street,Loma Linda,CA,92354
Olive View/UCLA Medical  Center,14445 Olive View Drive,Los Angeles,CA,91342
University of California (San  Diego),402 Dickinson Street,San Diego,CA,92103
University of California (San  Francisco),505 Parnassus Ave,San Francisco,CA,94143
Kaiser Permanente Medical  Group (Northern California)/Santa,710 Lawrence Expressway,Santa Clara,CA,95051
Stanford University,300 Pasteur Drive,Stanford,CA,94305
Scripps Clinic/Scripps Green  Hospital,10666 N Torrey Pines Road,La Jolla,CA,92037
St Mary's Hospital and  Medical Center,450 Stanyan Street,San Francisco,CA,94117
Santa Barbara Cottage  Hospital,400 W Pueblo St,Santa Barbara,CA,93105
Kern Medical Center,1700 Mt. Vernon Avenue,Bakersfield,CA,93306
St Mary Medical Center,1050 Linden Avenue,Long Beach,CA,90813
Santa Clara Valley Medical  Center,751 S Bascom Avenue,San Jose,CA,95128
Parkview Medical Center,400 W 16th Street,Pueblo,CO,81003
Saint Joseph Hospital,1375 East 19th Avenue,Denver,CO,80218
Connecticut Institute For  Communities/Greater Danbury Commu,57 North Street,Danbury,CT,6810
Yale-New Haven Medical  Center (Waterbury),64 Robbins Street,Waterbury,CT,6708
Bridgeport Hospital/Yale  University,267 Grant Street,Bridgeport,CT,6610
St Vincent's Medical Center,2800 Main Street,Bridgeport,CT,6606
Danbury Hospital,24 Hospital Avenue,Danbury,CT,6810
Stamford Hospital/Columbia  University College of Physicians,1 Hospital Plaza,Stamford,CT,6904
St Mary's Hospital (Waterbury),56 Franklin Street,Waterbury,CT,6706
Greenwich Hospital  Association,Five Perryridge Road,Greenwich,CT,6830
Yale-New Haven Medical  Center,20 York Street,New Haven,CT,6520
University of Connecticut,263 Farmington Avenue,Farmington,CT,6030
Griffin Hospital,130 Division Street,Derby,CT,6418
Norwalk Hospital/Yale  University,34 Maple Street,Norwalk,CT,6856
Georgetown University  Hospital,"3800 Reservoir Road, NW",Washington,DC,20007
George Washington  University,"2150 Pennsylvania Avenue, NW",Washington,DC,20037
Providence Hospital,"1150 Varnum Street, NE",Washington,DC,20017
Howard University,2041 Georgia Avenue NW,Washington,DC,20060
Florida State University  College of Medicine,1115 West Call Street,Tallahassee,FL,32306
University of Central Florida  College of Medicine,6850 Lake Nona Blvd,Orlando,FL,32827
Florida Atlantic University  Charles E. Schmidt College of Medcine,777 Glades Road,Boca Raton,FL,33431
Aventura Hospital and Medical  Center,20900 Biscayne Boulevard,Aventura,FL,33180
Kendall Regional Medical  Center,11750 Bird Road,Miami,FL,33175
Oak Hill Hospital,11375 Cortez Boulevard,Brooksville,FL,34613
Orange Park Medical Center,2001 Kingsley Ave,Orange Park,FL,32073
Brandon Regional Hospital,119 Oakfiled Drive,Brandon,FL,33511
Broward Health Medical  Center,1600 S. Andrews Avenue,Fort Lauderdale,FL,33316
Largo Medical Center,201 14th Street SW,Largo,FL,33770
Florida State University  College of Medicine,1700 South Tamiami Trail,Sarasota,FL,34239
University of Florida,1600 SW Archer Rd,Gainesville,FL,32610
University of Florida College  of Medicine Jacksonville,1 W 8th St,Jacksonville,FL,32209
Jackson Memorial  Hospital/Jackson Health System,1611 NW 12th Ave,Miami,FL,33101
University of South Florida,17 Davis Blvd,Tampa,FL,33606
Mayo Clinic College of  Medicine (Jacksonville),4500 San Pablo Road,Jacksonville,FL,32224
Cleveland Clinic (Florida),2950 Cleveland Clinic Boulevard,Weston,FL,33331
University of Miami/JFK  Medical Center Palm Beach Regional,5301 Congress Avenue,Atlantis,FL,33462
Gwinnett Medical Center,1000 Medical Center BLVD,Lawrenceville,GA,30046
Augusta University/University  of Georgia Medical Partnership,108 Spear Road,Athens,GA,30602
Athens Regional Medical  Center,1199 Prince Avenue,Athens,GA,30606
WellStar Kennestone Regional  Medical Center,"677 Church Street, N.E",Marietta,GA,30060
WellStar Atlanta Medical  Center,"303 Parkway Drive, NE",Atlanta,GA,30312
Memorial Health-University  Medical Center/Mercer University,4700 Waters Avenue,Savannah,GA,31404
Emory University,49 Jesse Hill Jr Dr SE,Atlanta,GA,30303
Medical College of Georgia,1120 15th Street,Augusta,GA,30912
Medical Center of Central  Georgia/Mercer University School,707 Pine St.,Macon,GA,31201
Dwight David Eisenhower  Army Medical Center,300 East Hospital Road,Fort Gordon,GA,30905
Kaiser Permanente Hawaii,2828 Paa Street,Honolulu,HI,96819
Tripler Army Medical Center,1 Jarrett White Road,Tripler AMC,HI,96859
University of Hawaii,1356 Lusitana Street,Honolulu,HI,96813
University of Washington  [Boise],500 W Fort St,Boise,ID,83702
Advocate Illinois Masonic  Medical Center/North Side Health,836 W Wellington Avenue,Chicago,IL,60657
Louis A Weiss Memorial  Hospital,4646 N Marine Drive,Chicago,IL,60640
Rush University Medical  Center,1717 W Congress Parkway,Chicago,IL,60612
Presence Saint Joseph  Hospital (Chicago),2900 Lake Shore Drive,Chicago,IL,60657
University of Chicago,5841 S Maryland Avenue,Chicago,IL,60637
MacNeal Hospital,3249 South Oak Park Avenue,Berwyn,IL,60402
Chicago Medical School at  Rosalind Franklin University of Medicine,3333 Green Bay Road   North,Chicago,IL,60064
McGaw Medical Center of  Northwestern University,251 East Huron St,Chicago,IL,60611
University of Illinois College  of Medicine at Chicago,4440 West 95th Street,Lawn,IL,60453
Advocate Lutheran General  Hospital,6 South  1775 West Dempster Street,Park Ridge,IL,60068
Southern Illinois University,701 N First Street,Springfield,IL,62794
University of Illinois College  of Medicine at Urbana Program,611 W Park Street,Urbana,IL,61801
West Suburban Medical  Center,3 Erie Court,Oak Park,IL,60302
University of Chicago  (NorthShore),2650 Ridge Avenue,Evanston,IL,60201
University of Illinois College  of Medicine at Peoria Program,530 NE Glen Oak Ave,Peoria,IL,61637
St Vincent Hospital and Health  Care Center,2001 W. 86th Street   North,Indianapolis,IN,46260
Indiana University Health Ball  Memorial Hospital,2401 University Avenue,Muncie,IN,47303
Indiana University School of  Medicine,1120 West Michigan Street,Indianapolis,IN,46202
Iowa Medical Education  Collaborative,1111 6th Ave,Des Moines,IA,50314
University of Iowa Hospitals  and Clinics,200 Hawkins Drive,Iowa City,IA,52242
University of Iowa (Des  Moines),1415 Woodland Avenue,Des Moines,IA,50309
University of Kansas (Wichita),1010 N Kansas,Wichita,KS,67214
University of Kentucky  College of Medicine,900 S. Limestone,Lexington,KY,40536
University of Louisville,550 South Jackson Street,Louisville,KY,40202
Louisiana State University,1542 Tulane Ave,New Orleans,LA,70112
Tulane University,1430 Tulane Avenue,New Orleans,LA,70112
Louisiana State University  (Shreveport),1501 Kings Highway,Shreveport,LA,71130
Louisiana State University  (Baton Rouge),5246 Brittany Drive,BatonRouge,LA,70808
Leonard J Chabert Medical  Center,1978 Industrial Boulevard,Houma,LA,70363
Ochsner Clinic Foundation,1514 Jefferson Highway,New Orleans,LA,70121
Baton Rouge General,8585 Picardy Avenue,BatonRouge,LA,70809
Johns Hopkins  University/Bayview Medical Center,5200 Eastern Avenue,Baltimore,MD,21224
Johns Hopkins University,1830 E Monument Street,Baltimore,MD,21287
University of Maryland  Medical Center Midtown Campus Program,827 Linden Avenue,Baltimore,MD,21201
MedStar Franklin Square  Medical Center,9000 Franklin Square Drive,Baltimore,MD,21237
St Agnes HealthCare,900 Caton Avenue,Baltimore,MD,21229
Sinai Hospital of Baltimore,2401 West Belvedere Avenue,Baltimore,MD,21215
Union Memorial Hospital,201 E University Parkway,Baltimore,MD,21218
University of Maryland,22 S Greene St,Baltimore,MD,21201
Prince George's Hospital  Center,3001 Hospital Drive,Cheverly,MD,20785
Greater Baltimore Medical  Center,6565 North Charles Street,Baltimore,MD,21204
Harbor Hospital Center,3001 S Hanover Street,Baltimore,MD,21225
Steward Carney Hospital,2100 Dorchester Avenue,Boston,MA,2124
Massachusetts General  Hospital,740  55 Fruit Street,Boston,MA,2114
Cambridge Health Alliance,1493 Cambridge Street,Cambridge,MA,2139
Berkshire Medical Center,725 North Street,Pittsfield,MA,1201
Baystate Medical Center/Tufts  University School of Medicine,759 Chestnut Street,Springfield,MA,1199
Beth Israel Deaconess  Medical Center,One Deaconess Road,Boston,MA,2215
Tufts Medical Center,800 Washington Street,Boston,MA,2111
Brigham and Women's  Hospital,75 Francis Street,Boston,MA,2115
St Elizabeth's Medical Center,736 Cambridge Street,Boston,MA,2135
MetroWest Medical Center,115 Lincoln Street,Framingham,MA,1702
University of Massachusetts,55 Lake Avenue North,Worcester,MA,1655
Lahey Clinic,41 Mall Road,Burlington,MA,1805
Boston University Medical  Center,72 E Concord Street,Boston,MA,2118
Wayne State University  School of Medicine,1101 W. University Drive,Rochester,MI,48307
Genesys Regional Medical  Center,One Genesys Parkway,Grand Blanc,MI,48439
McLaren Oakland,50 N. Perry Street,Pontiac,MI,48342
Detroit Medical Center  Corporation,1 William Carls Drive,Township,MI,48382
St. John Macomb-Oakland  Hospital,12000 E. 12 Mile Road,Warren,MI,48093
Henry Ford Macomb Hospital,15855 Nineteen Mile Road,Township,MI,48038
Henry Ford Hospital/Wayne  State University,1  2799 W Grand Blvd,Detroit,MI,48202
St Joseph Mercy-Oakland,44405 Woodward Avenue,Pontiac,MI,48341
Providence Hospital and  Medical Centers,16001 W Nine Mile Road,Southfield,MI,48075
St Joseph Mercy Ann Arbor,5333 McAuley Dr,Ann Arbor,MI,48106
William Beaumont Hospital,3601 West Thirteen Mile Road,Royal Oak,MI,48073
St Mary Mercy Hospital,36475 Five Mile Road,Livonia,MI,48154
University of Michigan,3116 Taubman Center,Ann Arbor,MI,48109
Detroit Medical Center/Wayne  State University,4201 St Antoine,Detroit,MI,48201
Michigan State University,788 Service Rd,Lansing,MI,48824
Western Michigan University  Homer Stryker MD School of Medicine,1000 Oakland Drive,Kalamazoo,MI,49008
McLaren-Flint/Michigan State  University,401 S Ballenger Highway,Flint,MI,48532
Detroit Medical Center/Wayne  State University (Sinai Grace),6071 West Outer Drive,Detroit,MI,48235
Oakwood Hospital,18101 Oakwood Boulevard,Dearborn,MI,48123
Hurley Medical  Center/Michigan State University,One Hurley Plaza,Flint,MI,48502
Grand Rapids Medical  Education Partners/Michigan State  University,25 Michigan Street NE,Grand Rapids,MI,49503
Central Michigan University  College of Medicine,1000 Houghton Avenue,Saginaw,MI,48602
University of Minnesota,"420 Delaware Street, SE",Minneapolis,MN,55455
Abbott-Northwestern Hospital,800 E 28th Street,Minneapolis,MN,55407
Hennepin County Medical  Center,701 Park Avenue South,Minneapolis,MN,55415
Magnolia Regional Health  Center,611 Alcorn Drive,Corinth,MS,38834
Keesler Medical Center,301 Fisher St,Biloxi,MS,39534
University of Mississippi  Medical Center,2500 N State Street,Jackson,MS,39216
SSM St Mary's Hospital-St  Louis,6420 Clayton Road,St Louis,MO,63117
University of Missouri-  Columbia,One Hospital Drive,Columbia,MO,65212
Washington University/B-  JH/SLCH Consortium,660 South Euclid Avenue,St Louis,MO,63110
St Louis University School of  Medicine,1402 S Grand Boulevard,St Louis,MO,63104
St Luke's Hospital,222 S Woods Mill Road,St Louis,MO,63017
University of Missouri at  Kansas City,2411 Holmes,Kansas City,MO,64108
Mercy Hospital (St Louis),621 S New Ballas Road,St Louis,MO,63141
Billings Clinic,2800 Tenth Avenue North,Billings,MT,59107
Creighton University,601 N 30th St,Omaha,NE,68131
University of Nevada School  of Medicine,1155 Mill Street,Reno,NV,89502
University of Nevada School  of Medicine (Las Vegas),2040 West Charleston Boulevard,Las Vegas,NV,89102
Monmouth Medical Center,300 Second Avenue,Long Branch,NJ,7740
HackensackUMC  Mountainside,1 Bay Avenue,Montclair,NJ,7042
Atlantic Health (Morristown),100 Madison Avenue,Morristown,NJ,7962
Jersey Shore University  Medical Center,"1945 State, Route 33",Neptune,NJ,7754
St Barnabas Medical Center,94 Old Short Hills Road,Livingston,NJ,7039
Seton Hall University School  of Health and Medical Sciences,601 Hamilton Avenue,Trenton,NJ,8629
Cooper Medical School of  Rowan University/Cooper University,401 Haddon Ave,Camden,NJ,8103
Newark Beth Israel Medical  Center (Jersey City),355 Grand Street,JerseyCity,NJ,7302
Rutgers New Jersey Medical  School,150 Bergen Street,Newark,NJ,7103
Rutgers Robert Wood  Johnson Medical School,One Robert Wood Johnson Pl,New Brunswick,NJ,8903
Capital Health Regional  Medical Center,750 Brunswick Avenue,Trenton,NJ,8638
Raritan Bay Medical Center,530 New Brunswick Avenue,Perth Amboy,NJ,8861
Seton Hall University School  of Health and Medical Sciences,400 S Orange Avenue,South Orange,NJ,7079
Newark Beth Israel Medical  Center,4  201 Lyons Avenue,Newark,NJ,7112
Saint Peter's University  Hospital/Rutgers Robert Wood Johns,254 Easton Avenue,New Brunswick,NJ,8901
AtlantiCare Regional Medical  Center,1925 Pacific Avenue,Atlantic City,NJ,8401
University of New Mexico Hospital,2211 Lomas Blvd NE,Albuquerque,NM,87106
Lutheran Family Health Center,150 55th Street,Brooklyn,NY,11220
Stony Brook Medicine/Mather  Hospital,75 North Country Road,Port Jefferson,NY,11777
Bassett Medical Center,One Atwell Road,Cooperstown,NY,13326
Winthrop-University Hospital,222 Station Plaza North,Mineola,NY,11501
Icahn School of Medicine at  Mount Sinai (Beth Israel),First Avenue at 16th Street,New York,NY,10003
New York-  Presbyterian/Queens,56-45 Main St,Flushing,NY,11355
Bronx-Lebanon Hospital  Center,1650 Selwyn Ave,Bronx,NY,10457
Brookdale University Hospital  and Medical Center,One Brookdale Plaza   Suite 134,Brooklyn,NY,11212
Icahn School of Medicine at  Mount Sinai (Elmhurst),79-01 Broadway,Elmhurst,NY,11373
Flushing Hospital Medical  Center,4500 Parsons Boulevard,Flushing,NY,11355
Harlem Hospital Center,506 Lenox Avenue,New York,NY,10037
Kingsbrook Jewish Medical  Center,585 Schenectady Ave,Brooklyn,NY,11203
Hofstra Northwell School of  Medicine at Lenox Hill Hospital,100 E 77th Street,New York,NY,10075
New York University School of  Medicine/Brooklyn Campus,150 55th Street,Brooklyn,NY,11220
Maimonides Medical Center,4802 10th Avenue,Brooklyn,NY,11219
Richmond University Medical  Center,335 Bard Avenue,Staten Island,NY,10310
Hofstra Northwell School of  Medicine at Staten Island Unive,475 Seaview Avenue,Staten Island,NY,10305
University of Rochester,601 Elmwood Avenue,Rochester,NY,14642
Brooklyn Hospital Center,121 DeKalb Avenue,Brooklyn,NY,11201
Jamaica Hospital Medical  Center,8900 Van Wyck Expwy,Jamaica,NY,11418
University at Buffalo (Catholic  Health System),2157 Main St,Buffalo,NY,14214
Hofstra Northwell School of  Medicine,270-05 76th Avenue,New Hyde Park,NY,11040
Icahn School of Medicine at  Mount Sinai,1000 Tenth Ave,New York,NY,10019
SUNY Health Science Center  at Brooklyn,450 Clarkson Avenue,Brooklyn,NY,11203
Stony Brook  Medicine/University Hospital,101 Nicolls Rd,Stony Brook,NY,11794
SUNY Upstate Medical  University,750 E Adams Street,Syracuse,NY,13210
Hofstra Northwell School of  Medicine at Forest Hills Hospital,102-01 66th Road,Forest Hills,NY,11375
Montefiore - Mount Vernon  Hospital,12 North 7th Avenue,Mount Vernon,NY,10550
St Barnabas Hospital,Third Avenue and 182nd St,Bronx,NY,10457
St John's Episcopal Hospital-  South Shore,327 Beach 19th St,Far Rockaway,NY,11691
Icahn School of Medicine at  Mount Sinai (Queens Hospital Center),82-68 164th Street,Jamaica,NY,11432
Wyckoff Heights Medical  Center,374 Stockholm Street,Brooklyn,NY,11237
Albany Medical Center,47 New Scotland Avenue,Albany,NY,12208
University at Buffalo,462 Grider Street,Buffalo,NY,14215
United Health Services  Hospitals,33-57 Harrison Street,Johnson City,NY,13790
Icahn School of Medicine at  Mount Sinai,"One Gustave L Levy Place,",New York,NY,10029
Rochester General Hospital,1425 Portland Avenue,Rochester,NY,14621
Icahn School of Medicine at  Mount Sinai (Bronx),130 W Kingsbridge Road,Bronx,NY,10468
Jacobi Medical Center/Albert  Einstein College of Medicine,1400 Pelham Parkway,Bronx,NY,10461
Carolinas HealthCare System  Blue Ridge,2201 South Sterling st,Morganton,NC,28655
Carolinas Medical Center,1000 Blythe Blvd,Charlotte,NC,28232
Cone Health,1200 N Elm Street,Greensboro,NC,27401
Vidant Medical Center/East  Carolina University,600 Moye Blvd,Greenville,NC,27834
University of North Carolina  Hospitals,126 Macnider Hall,ChapelHill,NC,27599
Duke University Hospital,2301 Erwin Rd,Durham,NC,27710
Wake Forest University  School of Medicine,Medical Center Blvd,Winston-Salem,NC,27157
University of North Dakota,1919 North Elm Street,Fargo,ND,58102
Akron General Medical  Center/NEOMED,1 Akron General Ave,Akron,OH,44307
Christ Hospital,2139 Auburn Avenue,Cincinnati,OH,45219
Jewish Hospital of Cincinnati,4777 E Galbraith Road,Cincinnati,OH,45236
Case Western Reserve  University (MetroHealth),2500 MetroHealth Drive,Cleveland,OH,44109
St Vincent Charity Medical  Center/Case Western Reserve University,2351 E 22nd Street,Cleveland,OH,44115
Ohio State University Hospital,395 W. 12th Avenue,Columbus,OH,43210
St Elizabeth Health  Center/NEOMED,1044 Belmont Ave,Youngstown,OH,44501
Cleveland Clinic Foundation,9500 Euclid Avenue,Cleveland,OH,44195
Riverside Methodist Hospitals  (OhioHealth),3535 Olentangy River Road,Columbus,OH,43214
Mercy St Vincent Medical  Center/Mercy Health Partners Program,2213 Cherry Street,Toledo,OH,43608
Canton Medical Education  Foundation/NEOMED,"2600 6th Street, S.W.",Canton,OH,44710
University of Cincinnati  Medical Center/College of Medicine,234 Goodman Dr,Cincinnati,OH,45220
Case Western Reserve  University/University Hospitals,11100 Euclid Avenue,Cleveland,OH,44106
Fairview Hospital,18101 Lorain Avenue,Cleveland,OH,44111
Wright State University,128 E. Apple St,Dayton,OH,45409
TriHealth (Good Samaritan  Hospital),375 Dixmyth Avenue,Cincinnati,OH,45220
Western Reserve Health  Education/NEOMED,500 Gypsy Lane,Youngstown,OH,44501
Oklahoma State University  Center for Health Sciences Program,744 W 9th Street,Tulsa,OK,74127
University of Oklahoma Health  Sciences Center,940 NE 13th St,Oklahoma City,OK,73104
Legacy Emanuel Hospital and  Health Center,1015 NW 22nd Avenue,Portland,OR,97210
Providence Health & Services  - Oregon/Providence Medical Center,5050 NE Hoyt St,Portland,OR,97213
Providence Health & Services  - Oregon/St Vincent Hospital,9205 SW Barnes Road,Portland,OR,97225
Oregon Health & Science  University,3181 SW Sam Jackson Park  Road,Portland,OR,97239
Heart of Lancaster Regional  Medical Center,1500 Highlands Avenue,Lititz,PA,17543
Geisinger Health System,39  100 North Academy Avenue,Danville,PA,17822
Easton Hospital,250 South 21st Street,Easton,PA,18042
PinnacleHealth Hospitals,111 S Front St,Harrisburg,PA,17101
Penn State Milton S Hershey  Medical Center,500 University  Drive,Hershey,PA,17033
Albert Einstein Healthcare  Network,5401 Old York Road,Philadelphia,PA,19141
Main Line Health  System/Lankenau Medical Center,100 Lancaster Avenue,Wynnewood,PA,19096
Mercy Catholic Medical Center,1500 Lansdowne Avenue,Darby,PA,19023
Pennsylvania Hospital of the  University of Pennsylvania,800 Spruce Street,Philadelphia,PA,19107
Allegheny Health Network  Medical Education Consortium (AGH),320 East North Avenue,Pittsburgh,PA,15212
UPMC Medical Education  (Mercy),1400 Locust Street,Pittsburgh,PA,15219
Abington Memorial Hospital,1200 Old York Road,Abington,PA,19001
Robert Packer  Hospital/Guthrie,1 Guthrie Square,Sayre,PA,18840
Lehigh Valley Health  Network/University of South Florida,707 Hamilton Street,Allentown,PA,18101
Drexel University College of  Medicine/Hahnemann University,245 N 15th Street,Philadelphia,PA,19102
Temple University Hospital,3401 North Broad Street,Philadelphia,PA,19140
Sidney Kimmel Medical  College at Thomas Jefferson  University,1025 Walnut Street,Philadelphia,PA,19107
University of Pennsylvania,3400 Spruce Street,Philadelphia,PA,19104
Reading Hospital,Sixth Avenue and Spruce Streets,Reading,PA,19611
Wright Center for Graduate  Medical Education,501 Madison Avenue,Scranton,PA,18510
UPMC Medical Education,200 Lothrop Street,Pittsburgh,PA,15213
Conemaugh Memorial Medical  Center,1086 Franklin Street,Johnstown,PA,15905
Crozer-Chester Medical  Center,One Medical Center Blvd,Upland,PA,19013
Kent Hospital,455 Toll Gate Road,Warwick,RI,2886
Brown University,593 Eddy Street,Providence,RI,2903
Memorial Hospital of Rhode  Island/Brown University,111 Brewster Street,Pawtucket,RI,2860
Roger Williams Medical  Center,825 Chalkstone Avenue,Providence,RI,2908
Grand Strand Regional  Medical Center,809 82nd Pkwy,Myrtle Beach,SC,29572
Greenville Health  System/University of South Carolina,701 Grove Road,Greenville,SC,29605
Palmetto Health/University of  South Carolina School of Medine,Two Medical Park,Columbia,SC,29203
University of South Dakota,1400 W. 22nd Street,SiouxFalls,SD,57105
University of Tennessee  College of Medicine at Chattanooga,975 East Third Street,Chattanooga,TN,37403
University of Tennessee  Medical Center at Knoxville,1924 Alcoa Highway,Knoxville,TN,37920
Meharry Medical College,"1005 Dr D B Todd, Jr, Blvd",Nashville,TN,37208
University of Tennessee,956 Court Avenue,Memphis,TN,38163
University of Tennessee  (Nashville),2000 Church Street,Nashville,TN,37236
Vanderbilt University Medical  Center,1161 21st Avenue South,Nashville,TN,37232
University of Texas RGV  (DHR),5501 S. McColl Road,Edinburg,TX,78539
Plaza Medical Center of Fort  Worth,900 Eighth Avenue,Fortworth,TX,76104
Texas Health Presbyterian  Dallas,8200 Walnut Hill Lane,Dallas,TX,75231
Texas Tech University Health  Sciences Center Paul L Foster,4800 Alberta Avenue,ElPaso,TX,79905
William Beaumont Army  Medical Center,5005 N Piedras Street,ElPaso,TX,79920
San Antonio Uniformed  Services Health Education Consortium,3551 Roger Brooke Drive,Houston,TX,78234
University of Texas at Austin  Dell Medical School,601 E. 15th St,Austin,TX,78701
Methodist Health System  Dallas,1441 N. Beckley Ave,Dallas,TX,75203
Methodist Hospital (Houston),6550 Fannin St,Houston,TX,77030
University of Texas  Southwestern Medical School,5323 Harry Hines Blvd,Dallas,TX,75390
University of Texas Medical  Branch Hospitals,301 University Blvd,Galveston,TX,77550
University of Texas Health  Science Center School of Medicine,7703 Floyd Curl Drive,San Antonio,TX,78229
Texas A&M College of  Medicine-Scott and White,2401 S 31st Street,Temple,TX,76508
Texas Tech University  (Amarillo),1400 Coulter,Amarillo,TX,79106
Texas Tech University  (Permian Basin),701 W 5th Street,Odessa,TX,79763
University of Texas RGV  (VBMC),2102 Treasure Hills Blvd,Harlingen,TX,78550
Baylor University Medical  Center,3500 Gaston Avenue,Dallas,TX,75246
University of Texas Health  Science Center at Houston,6431 Fannin St,Houston,TX,77030
University of Utah,50 N Medical Dr,Salt Lake City,UT,84132
University of Vermont Medical  Center,111 Colchester Ave,Burlington,VT,5401
Inova Fairfax Medical Campus,3300 Gallows Road,Falls Church,VA,22042
University of Virginia,1215 Lee Street,Charlottesville,VA,22908
Eastern Virginia Medical  School,825 Fairfax Avenue,Norfolk,VA,23507
Virginia Commonwealth  University Health System,1200 East Broad Street,Richmond,VA,23298
Madigan Healthcare System,9040 Jackson Ave,Tacoma,WA,98431
University of Washington,1959 NE Pacific St,Seattle,WA,98195
Marshall University School of  Medicine,1249 15th Street,Huntington,WI,25701
University of Wisconsin,1685 Highland Avenue,Madison,WI,53705
Aurora Health Care,945 N 12th St,Milwaukee,WI,53201
Marshfield Clinic-St Joseph's  Hospital,1000 North Oak Avenue,Marshfield,WI,54449
Medical College of Wisconsin  Affiliated Hospitals,9200 W Wisconsin Avenue,Milwaukee,WI,53226
Saint Michael's Medical Center,111 Central Ave,Newark,NJ,7102
New York Methodist Hospital,506 Sixth Street,Brooklyn,NY,11215
New York Presbyterian Hospital (Columbia),622 W 168th Street,New York,NY,10032
New York University School of  Medicine,550 First Ave,New York,NY,10016
New York-Presbyterian Hospital  (Cornell),1300 York Ave,New York,NY,10065
St Joseph's Regional Medical  Center,703 Main Street,Pateron,NJ,7503
Westchester Medical Center,100 Woods Road,Vahalla,NY,10595
University of Alabama  Hospital,301 Governors Drive SE,Huntsville,AL,35801
University of South Alabama,2451 Fillingim Street,Mobile,AL,36617
University of Alabama Medical  Center,1720 2nd Avenue,Birmingham,AL,10128