Albany Medical College,47 New Scotland Avenue,Albany,NY,12208,UNITED STATES
Albert Einstein College of Medicine ,1300 Morris Park Avenue,Bronx,NY,10461,UNITED STATES
Baylor College of Medicine,One Baylor Plaza,Houston,TX,77030,UNITED STATES
Boston University School of Medicine,72 East Concord Street,Boston,MA,02118,UNITED STATES
California Northstate University College of Medicine,9700 West Taron Drive,Elk Grove,CA,95757,UNITED STATES
Case Western Reserve University School of Medicine,10900 Euclid Avenue,Cleveland,OH,44106,UNITED STATES
Central Michigan University College of Medicine,208 Rowe Hall,Mount Pleasant,MI,48859,UNITED STATES
Charles E. Schmidt College of Medicine at Florida Atlantic University,777 Glades Road,Boca Raton,FL,33431,UNITED STATES
Chicago Medical School at Rosalind Franklin University of Medicine & Science,3333 Green Bay Road,North Chicago,IL,60064,UNITED STATES
Columbia University College of Physicians and Surgeons,630 West 168th Street,New York,NY,10032,UNITED STATES
Cooper Medical School of Rowan University,401 South Broadway,Camden,NJ,08103,UNITED STATES
Creighton University School of Medicine,2500 California Plaza,Omaha,NE,68178,UNITED STATES
CUNY School of Medicine,160 Convent Avenue,New York,NY,10031,UNITED STATES
Drexel University College of Medicine,2900 Queen Lane,Philadelphia,PA,19129,UNITED STATES
Duke University School of Medicine,8 Duke University Medical Center Greenspace,Durham,NC,27710,UNITED STATES
East Tennessee State University James H. Quillen College of Medicine,178 Maple Ave,Mountain Home,TN,37684,UNITED STATES
Eastern Virginia Medical School,721 Fairfax Ave.,Norfolk,VA,23507,UNITED STATES
Emory University School of Medicine,"1648 Pierce Drive, NE",Atlanta,GA,30322,UNITED STATES
Florida State University College of Medicine,1115 West Call Street,Tallahassee,FL,32306,UNITED STATES
Frank H. Netter MD School of Medicine at Quinnipiac University,275 Mount Carmel Avenue,Hamden,CT,06518,UNITED STATES
Geisel School of Medicine at Dartmouth ,1 Rope Ferry Road,Hanover,NH,03755,UNITED STATES
George Washington University School of Medicine and Health Sciences,"2300 Eye Street, N.W.",Washington,DC,20037,UNITED STATES
Georgetown University School of Medicine,"3900 Reservoir Road, N.W.",Washington,DC,20007,UNITED STATES
Harvard Medical School,25 Shattuck Street,Boston,MA,02115,UNITED STATES
Hofstra Northwell School of Medicine at Hofstra University,500 Hofstra University,Hempstead,NY,11549,UNITED STATES
Howard University College of Medicine,"520 W Street, N.W.",Washington,DC,20059,UNITED STATES
Icahn School of Medicine at Mount Sinai,One Gustave L. Levy Place,New York,NY,10029,UNITED STATES
Indiana University School of Medicine,340 W 10th St,Indianapolis,IN,46202,UNITED STATES
Jacobs School of Medicine and Biomedical Sciences at the University at Buffalo,3435 Main Street,Buffalo,NY,14214,UNITED STATES
Johns Hopkins University School of Medicine,733 North Broadway,Baltimore,MD,21205,UNITED STATES
Keck School of Medicine of the University of Southern California,1975 Zonal Avenue,Los Angeles,CA,90033,UNITED STATES
Lewis Katz School of Medicine at Temple University,3500 North Broad Street,Philadelphia,PA,19140,UNITED STATES
Loma Linda University School of Medicine,11175 Campus Street,Loma Linda,CA,92350,UNITED STATES
Louisiana State University School of Medicine in New Orleans,1901 Perdido Street,New Orleans,LA,70112,UNITED STATES
Louisiana State University School of Medicine in Shreveport, 1501 Kings Hwy,Shreveport,LA,71103,UNITED STATES
Loyola University Chicago Stritch School of Medicine,2160 South First Avenue,Maywood,IL,60153,UNITED STATES
Marshall University Joan C. Edwards School of Medicine,1600 Medical Center Drive,Huntington,WV,25701,UNITED STATES
Mayo Medical School,"200 First Street, S.W.",Rochester,MN,55905,UNITED STATES
McGovern Medical School at the University of Texas Health Science Center at Houston,6431 Fannin Street,Houston,TX,77030,UNITED STATES
Medical College of Georgia at Augusta University,1120 Fifteenth Street,Augusta,GA,30912,UNITED STATES
Medical College of Wisconsin,8701 Watertown Plank Rd.,Milwaukee,WI,53226,UNITED STATES
Medical University of South Carolina College of Medicine,96 Jonathan Lucas Street,Charleston,SC,29425,UNITED STATES
Meharry Medical College,1005 D. B. Todd Jr. Boulevard,Nashville,TN,37208,UNITED STATES
Mercer University School of Medicine,1550 College Street,Macon,GA,31207,UNITED STATES
Michigan State University College of Human Medicine,965 Fee Road,East Lansing,MI,48824,UNITED STATES
Morehouse School of Medicine,"720 Westview Drive, SW",Atlanta,GA,30310,UNITED STATES
New York Medical College,40 Sunshine Cottage Road,Valhalla,NY,10595,UNITED STATES
New York University School of Medicine,550 First Avenue,New York,NY,10016,UNITED STATES
Northeast Ohio Medical University,4209 State Route 44,Rootstown,OH,44272,UNITED STATES
Northwestern University Feinberg School of Medicine,420 E. Superior Street,Chicago,IL,60611,UNITED STATES
Oakland University William Beaumont School of Medicine,2200 N. Squirrel Road,Rochester,MI,48309,UNITED STATES
Ohio State University College of Medicine,370 West Ninth Avenue,Columbus,OH,43210,UNITED STATES
Oregon Health & Science University School of Medicine,3181 S.W. Sam Jackson Park Road,Portland,OR,97239,UNITED STATES
Pennsylvania State University College of Medicine,500 University Drive,Hershey,PA,17033,UNITED STATES
Perelman School of Medicine at the University of Pennsylvania,3620 Hamilton Walk,Philadelphia,PA,19104,UNITED STATES
Rush Medical College of Rush University Medical Center,600 South Paulina Street,Chicago,IL,60612,UNITED STATES
Rutgers New Jersey Medical School,65 Bergen St ,Newark,NJ,07103,UNITED STATES
"Rutgers, Robert Wood Johnson Medical School ",675 Hoes Lane,Piscataway,NJ,08854,UNITED STATES
Saint Louis University School of Medicine,1402 South Grand Boulevard,St. Louis,MO,63104,UNITED STATES
Sidney Kimmel Medical College at Thomas Jefferson University,1025 Walnut Street,Philadelphia,PA,19107,UNITED STATES
Southern Illinois University School of Medicine,801 North Rutledge,Springfield,IL,62794,UNITED STATES
Stanford University School of Medicine,300 Pasteur Drive,Stanford,CA,94305,UNITED STATES
State University of New York Downstate Medical Center College of Medicine,450 Clarkson Ave,Brooklyn,NY,11203,UNITED STATES
State University of New York Upstate Medical University,750 E ADAMS ST,Syracuse,NY,13210,UNITED STATES
Stony Brook University School of Medicine,101 Nicolls Road,Stony Brook,NY,11794,UNITED STATES
Temple University School of Medicine,3500 N Broad St,Philadelphia,PA,19140,UNITED STATES
Texas A&M Health Science Center College of Medicine,8447 State Highway 47,Bryan,TX,77807,UNITED STATES
Texas Tech University Health Sciences Center Paul L. Foster School of Medicine,5001 El Paso Drive,El Paso,TX,79905,UNITED STATES
Texas Tech University Health Sciences Center School of Medicine,3601 4th Street,Lubbock,TX,79430,UNITED STATES
The Brody School of Medicine at East Carolina University,600 Moye Blvd.,Greenville,NC,27834,UNITED STATES
The Commonwealth Medical College,525 Pine Street,Scranton,PA,18509,UNITED STATES
The University of Toledo College of Medicine,3000 Arlington Avenue,Toledo,OH,43614,UNITED STATES
The Warren Alpert Medical School of Brown University,97 Waterman Street,Providence,RI,02912,UNITED STATES
Tufts University School of Medicine,136 Harrison Avenue,Boston,MA,02111,UNITED STATES
Tulane University School of Medicine,1430 Tulane Avenue SL77,New Orleans,LA,70112,UNITED STATES
Uniformed Services University of the Health Sciences F. Edward Hebert School of Medicine,4301 Jones Bridge Road,Bethesda,MD,20814,UNITED STATES
University of Alabama School of Medicine,"1530 3rd Avenue, South",Birmingham,AL,35294,UNITED STATES
University of Arizona College of Medicine,1501 North Campbell Ave ,Tucson,AZ,85724,UNITED STATES
University of Arizona College of Medicine-Phoenix,550 E Van Buren Street,Phoenix,AZ,85004,UNITED STATES
University of Arkansas for Medical Sciences College of Medicine,4301 W Markham Slot 603,Little Rock,AR,72205,UNITED STATES
"University of California, Davis, School of Medicine",4610 X Street,Sacramento,CA,95817,UNITED STATES
"University of California, Irvine, School of Medicine",1001 Health Sciences Rd,Irvine,CA,92697,UNITED STATES
"University of California, Los Angeles David Geffen School of Medicine",10833 Le Conte Avenue,Los Angeles,CA,90095,UNITED STATES
"University of California, Riverside School of Medicine",900 University Avenue,Riverside,CA,92521,UNITED STATES
"University of California, San Diego School of Medicine",9500 Gilman Drive,La Jolla,CA,92093,UNITED STATES
"University of California, San Francisco, School of Medicine",513 Parnassus Avenue,San Francisco,CA,94143,UNITED STATES
University of Central Florida College of Medicine,6850 Lake Nona Boulevard,Orlando,FL,32827,UNITED STATES
University of Chicago Division of the Biological Sciences The Pritzker School of Medicine,5841 South Maryland Avenue,Chicago,IL,60637,UNITED STATES
University of Cincinnati College of Medicine,3230 Eden Ave,Cincinnati,OH,45267,UNITED STATES
University of Colorado School of Medicine,13001 East 17th Place,Aurora,CO,80045,UNITED STATES
University of Connecticut School of Medicine,263 FARMINGTON AVE,Farmington,CT,06030,UNITED STATES
University of Florida College of Medicine,1600 SW Archer Rd ,Gainesville,FL,32610,UNITED STATES
"University of Hawaii, John A. Burns School of Medicine",651 Ilalo Street,Honolulu,HI,96813,UNITED STATES
University of Illinois College of Medicine,1853 West Polk Street,Chicago,IL,60612,UNITED STATES
University of Iowa Roy J. and Lucille A. Carver College of Medicine,375 Newton Rd,Iowa City,IA,52242,UNITED STATES
University of Kansas School of Medicine,3901 Rainbow Blvd,Kansas City,KS,66160,UNITED STATES
University of Kentucky College of Medicine,138 Leader Avenue,Lexington,KY,40506,UNITED STATES
University of Louisville School of Medicine,323 East Chestnut Street,Louisville,KY,40202,UNITED STATES
University of Maryland School of Medicine,655 West Baltimore Street,Baltimore,MD,21201,UNITED STATES
University of Massachusetts Medical School,55 Lake Avenue North,Worcester,MA,01655,UNITED STATES
University of Miami Leonard M. Miller School of Medicine,1600 N.W. 10th Avenue,Miami,FL,33101,UNITED STATES
University of Michigan Medical School,1301 Catherine Street,Ann Arbor,MI,48109,UNITED STATES
University of Minnesota Medical School,420 Delaware Street S.E.,Minneapolis,MN,55455,UNITED STATES
University of Mississippi School of Medicine,2500 North State Street,Jackson,MS,39216,UNITED STATES
University of Missouri-Columbia School of Medicine,One Hospital Drive,Columbia,MO,65212,UNITED STATES
University of Missouri-Kansas City School of Medicine,2411 Holmes Street,Kansas City,MO,64108,UNITED STATES
University of Nebraska College of Medicine,986545 Nebraska Medical Center,Omaha,NE,68198,UNITED STATES
University of Nevada School of Medicine,1664 N Virginia St,Reno,NV,89557,UNITED STATES
University of New Mexico School of Medicine,1 University of New Mexico Bldg 177,Albuquerque,NM,87131,UNITED STATES
University of North Carolina at Chapel Hill School of Medicine,321 S Columbia St,Chapel Hill,NC,27516,UNITED STATES
University of North Dakota School of Medicine and Health Sciences,501 North Columbia Road,Grand Forks,ND,58202,UNITED STATES
University of Oklahoma College of Medicine,941 Stanton L Young Blvd,Oklahoma City,OK,73104,UNITED STATES
University of Pittsburgh School of Medicine,3550 Terrace Street,Pittsburgh,PA,15261,UNITED STATES
University of Rochester School of Medicine and Dentistry,601 Elmwood Avenue,Rochester,NY,14642,UNITED STATES
University of South Alabama College of Medicine,307 University Boulevard,Mobile,AL,36688,UNITED STATES
University of South Carolina School of Medicine,6311 Garners Ferry Road,Columbia,SC,29209,UNITED STATES
University of South Carolina School of Medicine Greenville,701 Grove Rd,Greenville,SC,29605,UNITED STATES
"University of South Dakota, Sanford School of Medicine",1400 West 22nd Street,Sioux Falls,SD,57105,UNITED STATES
University of Tennessee Health Science Center College of Medicine,910 Madison Avenue,Memphis,TN,38163,UNITED STATES
University of Texas at Austin Dell Medical School ,1912 Speedway,Austin,TX,78712,UNITED STATES
University of Texas Medical Branch School of Medicine,301 University Boulevard,Galveston,TX,77555,UNITED STATES
University of Texas Rio Grande Valley School of Medicine ,1201 West University Drive,Edinburg,TX,78539,UNITED STATES
University of Texas School of Medicine at San Antonio,7703 Floyd Curl Drive,San Antonio,TX,78229,UNITED STATES
University of Texas Southwestern Medical Center Southwestern Medical School,5323 Harry Hines Boulevard,Dallas,TX,75390,UNITED STATES
University of Utah School of Medicine,30 North 1900 East,Salt Lake City,UT,84132,UNITED STATES
University of Vermont College of Medicine,89 Beaumont Avenue,Burlington,VT,05405,UNITED STATES
University of Virginia School of Medicine,1st St,Charlottesville,VA,22908,UNITED STATES
University of Washington School of Medicine,1959 NE Pacific St,Seattle,WA,98195,UNITED STATES
University of Wisconsin School of Medicine and Public Health,750 Highland Avenue,Madison,WI,53705,UNITED STATES
USF Health Morsani College of Medicine,12901 Bruce B. Downs Boulevard,Tampa,FL,33612,UNITED STATES
Vanderbilt University School of Medicine,21st Avenue South at Garland Avenue,Nashville,TN,37232,UNITED STATES
Virginia Commonwealth University School of Medicine,1201 E Marshall St,Richmond,VA,23298,UNITED STATES
Virginia Tech Carilion School of Medicine,"2 Riverside Circle, Ste",Roanoke,VA,24016,UNITED STATES
Wake Forest School of Medicine of Wake Forest Baptist Medical Center,1 Medical Center Blvd,Winston-Salem,NC,27103,UNITED STATES
Washington University in St. Louis School of Medicine,660 South Euclid Avenue,St. Louis,MO,63110,UNITED STATES
Wayne State University School of Medicine,540 East Canfield Avenue,Detroit,MI,48201,UNITED STATES
Weill Cornell Medicine,1300 York Avenue,New York,NY,10021,UNITED STATES
West Virginia University School of Medicine,1 Medical Center Dr,Morgantown,WV,26506,UNITED STATES
Western Michigan University Homer Stryker M.D. School of Medicine,1000 Oakland Drive,Kalamazoo,MI,49008,UNITED STATES
Wright State University Boonshoft School of Medicine,3640 Colonel Glenn Hwy,Dayton,OH,45435,UNITED STATES
Yale School of Medicine,333 Cedar Street,New Haven,CT,06520,UNITED STATES
